{"25.252063492063492":[false,0.3878171865335389],"26.57764172335601":[false,0.3934969027823648],"28.263038548752835":[false,0.1877849317194344],"28.825714285714287":[false,0.10803257324459992],"29.38562358276644":[0.1956527254822767,false],"29.54122448979592":[0.47577802662260016,false],"30.13922902494331":[false,0.5172679039559245],"31.458049886621314":[0.41646668133657405,false],"32.95904761904762":[false,0.7153520892356648],"33.14798185941043":[false,0.6935796589346924],"37.27859410430839":[0.6580399249187394,false],"39.86326530612245":[false,0.44237579534224414],"40.28299319727891":[false,0.3415646166452284],"48.73750566893424":[0.7325195021646643,false],"49.29931972789116":[false,0.7578201594269558],"50.61950113378685":[false,0.5675528587971839],"50.802131519274376":[0.39403716339901856,false],"51.18408163265306":[0.35815563861722843,false],"51.74349206349206":[0.4994812542386584,false],"52.30716553287982":[0.49771139886888704,false],"52.86943310657596":[false,0.529793093133159],"54.75260770975056":[false,0.5959331693566128],"57.007709750566896":[0.6436920331567664,false],"57.19210884353741":[0.44324424355611935,false],"57.7584126984127":[false,0.4191508491030618],"58.320362811791384":[false,0.31474554131442106],"59.641678004535144":[0.3300698333922123,false],"60.16680272108844":[false,0.4169075010112418],"60.76893424036281":[false,0.6972394730751854],"63.76888888888889":[false,0.462969505116816],"64.3324716553288":[false,0.4165255960515424],"64.90258503401361":[0.2414416117821672,false],"75.3750566893424":[0.471867735028068,false],"75.79546485260771":[false,0.5133105889754334],"76.35469387755101":[false,0.4281432621573513],"76.9227664399093":[false,0.3608622404253765],"78.80149659863946":[false,0.36753567072783516],"78.94589569160998":[false,0.25961444643053255],"79.5259410430839":[false,0.4316137337060433],"79.67492063492064":[false,0.5288140598280688],"81.05428571428571":[0.6502110125778705,false],"87.25356009070295":[0.8013271183364078,false],"87.82126984126984":[false,0.678785569185041],"88.38662131519274":[0.6208564417875095,false],"88.93931972789116":[false,0.6330478270047549],"89.51265306122448":[0.6401838396690195,false],"89.6964172335601":[0.5183364227787247,false],"96.28263038548752":[false,0.2809212645186101],"96.83950113378685":[false,0.10326903429540835],"97.40181405895692":[false,0.427190044082645],"98.72253968253968":[false,0.6114796501409774],"99.28321995464853":[0.5409075204625556,false],"99.84244897959184":[0.40885413228668493,0.40885413228668493],"100.40743764172336":[0.30540173523786507,false],"101.54027210884354":[false,0.4103360603579889],"101.67768707482993":[false,0.5136662629890484],"102.28526077097506":[false,0.5774020477144365],"103.41632653061224":[0.5470125678622375,false],"103.58938775510204":[false,0.4380789018550242],"105.86163265306122":[false,0.43801102176181134],"108.30467120181406":[false,0.4353966340284471],"108.86426303854876":[false,0.632772915706105],"109.42136054421769":[0.6313939260523757,false],"112.43551020408164":[false,0.4176143360599431],"113.00108843537414":[0.3973338737544879,false],"113.56213151927437":[0.5748457969112302,0.5748457969112302],"123.33482993197279":[false,0.30354891760200964],"123.90258503401361":[0.2819806884477837,false],"125.02331065759637":[0.4985436663385463,false],"125.77079365079365":[false,0.6026223868586988],"130.47614512471657":[0.39986552914841045,false],"131.78925170068027":[0.38660801318201266,false],"132.35106575963718":[0.41298280837393747,0.41298280837393747],"134.79546485260772":[false,0.35242241048902834],"134.9455328798186":[false,0.3992483059382721]}